{"cameraMode":{"drawMode":0,"name":"Shaded","section":"Shading Mode"},"sceneLighting":true,"audioPlay":false,"sceneViewState":{"showFog":true,"showMaterialUpdate":false,"showSkybox":true,"showFlares":true,"showImageEffects":true,"showParticleSystems":true},"in2DMode":false,"pivot":{"x":4.613903045654297,"y":1.8517472743988038,"z":-5.910135746002197},"rotation":{"x":-0.07962071150541306,"y":0.7745254635810852,"z":-0.09953436255455017,"w":-0.6195673942565918},"size":11.878969192504883,"orthographic":false}