{"cameraMode":{"drawMode":0,"name":"Shaded","section":"Shading Mode"},"sceneLighting":false,"audioPlay":false,"sceneViewState":{"showFog":true,"showMaterialUpdate":false,"showSkybox":true,"showFlares":true,"showImageEffects":true,"showParticleSystems":true},"in2DMode":false,"pivot":{"x":-849.591064453125,"y":1401.550048828125,"z":-258.6444396972656},"rotation":{"x":-0.0769713744521141,"y":0.8145567178726196,"z":-0.11114422231912613,"w":-0.5641096830368042},"size":846.6646728515625,"orthographic":false}